{
	"FieldOfViewMode": "Enum.FieldOfViewMode.Vertical",
	"FieldOfView": 70,
	"HeadLocked": true,
	"CFrame": [-19.93419075012207, 14.091625213623047, -19.06458854675293, -0.6911680102348328, 0.31943392753601074, -0.6482660174369812, 0, 0.8970129489898682, 0.44200432300567627, 0.7226941585540771, 0.30549925565719604, -0.6199866533279419],
	"CameraType": "Enum.CameraType.Fixed",
	"Focus": [-18.637659072875977, 13.207616806030273, -17.824615478515625, 1, 0, 0, 0, 1, 0, 0, 0, 1],
	"HeadScale": 1,
	"MaxAxisFieldOfView": 79.53266906738281,
	"Class": "Camera",
	"DiagonalFieldOfView": 99.57437896728516
}